ddG,dTm
0.23415565490722656,1.195220947265625
