ddG,dTm
-0.12304496765136719,-1.8793792724609375
