variant_id,label,mean_single_mut_fitness,std_single_mut_fitness,n_substitutions
BRI1_WT_550-800,WT,-0.23358552004009994,1.6952783574593984,4769
BRI1_S662F_550-800,S662F,-0.20094719092974048,1.6940609904808592,4769
BRI1_P719L_550-800,P719L,-0.19465374911356878,1.6949554772060185,4769
BRI1_T750I_550-800,T750I,-0.2119803391907003,1.7019335494698673,4769
