label,mean_single_mut_fitness,std_single_mut_fitness,ddG_kcal_mol,dTm_C,stab_note
WT,-0.23358552004009994,1.6952783574593984,,,Stab 为 WT vs 突变体；WT 本身无 ddG/dTm
S662F,-0.20094719092974048,1.6940609904808592,-0.1230449676513671,-1.8793792724609373,WT_vs_S662F
P719L,-0.19465374911356878,1.6949554772060185,0.2341556549072265,1.195220947265625,WT_vs_P719L
T750I,-0.2119803391907003,1.7019335494698673,0.2184658050537109,0.8198699951171875,WT_vs_T750I
