ddG,dTm
0.21846580505371094,0.8198699951171875
